target,pred_0,pred_1
1.0,0.8612829446792603,0.13871708512306213
0.0,0.12318049371242523,0.8768195509910583
1.0,0.8612829446792603,0.13871708512306213
0.0,0.12318049371242523,0.8768195509910583
1.0,0.8612829446792603,0.13871708512306213
0.0,0.12318049371242523,0.8768195509910583
